"codigo_oficina","ciudad","pais","region","codigo_postal","telefono","linea_direccion1","linea_direccion2"
"BCN-ES","Barcelona","España","Barcelona","08019","+34 93 3561182","Avenida Diagonal, 38","3A escalera Derecha"
"BOS-USA","Boston","EEUU","MA","02108","+1 215 837 0825","1550 Court Place","Suite 102"
"LON-UK","Londres","Inglaterra","EMEA","EC2N 1HN","+44 20 78772041","52 Old Broad Street","Ground Floor"
"MAD-ES","Madrid","España","Madrid","28032","+34 91 7514487","Bulevar Indalecio Prieto, 32",""
"PAR-FR","Paris","Francia","EMEA","75017","+33 14 723 4404","29 Rue Jouffroy d'abbans",""
"SFC-USA","San Francisco","EEUU","CA","94080","+1 650 219 4782","100 Market Street","Suite 300"
"SYD-AU","Sydney","Australia","APAC","NSW 2010","+61 2 9264 2451","5-11 Wentworth Avenue","Floor #2"
"TAL-ES","Talavera de la Reina","España","Castilla-LaMancha","45632","+34 925 867231","Francisco Aguirre, 32","5º piso (exterior)"
"TOK-JP","Tokyo","Japón","Chiyoda-Ku","102-8578","+81 33 224 5000","4-1 Kioicho",""
